{
  "primary_model": "Logistic Regression (LR)",
  "calibration_method": "Isotonic Regression",
  "datasets": [
    "IMDb",
    "Jigsaw",
    "FEVER"
  ],
  "lr_summary": {
    "imdb": {
      "n_test": 1816,
      "roc_auc": 0.8935963825204334,
      "pr_auc": 0.992343482606834,
      "brier": 0.03471219897297633,
      "ece_before": 0.21380693810655468,
      "ece_after": 0.006287441566916806,
      "calibration": "isotonic",
      "policy_thresholds": {
        "high_precision": 0.9982425307557118,
        "balanced": 0.5645161290322579,
        "high_coverage": 0.5
      },
      "policy_performance": {
        "high_precision": {
          "coverage": 0.5379955947136564,
          "accepted_accuracy": 0.9959058341862845,
          "f1_score": 0.7167587476979742
        },
        "balanced": {
          "coverage": 0.9944933920704846,
          "accepted_accuracy": 0.9573643410852714,
          "f1_score": 0.9757336343115124
        },
        "high_coverage": {
          "coverage": 0.9944933920704846,
          "accepted_accuracy": 0.9573643410852714,
          "f1_score": 0.9757336343115124
        }
      }
    },
    "jigsaw": {
      "n_test": 3000,
      "roc_auc": 0.9740942141430636,
      "pr_auc": 0.9892915482797119,
      "brier": 0.04021274198449462,
      "ece_before": 0.0638734783009425,
      "ece_after": 0.0031897247964100786,
      "calibration": "isotonic",
      "policy_thresholds": {
        "high_precision": 0.9985714285714286,
        "balanced": 0.5,
        "high_coverage": 0.25
      },
      "policy_performance": {
        "high_precision": {
          "coverage": 0.34933333333333333,
          "accepted_accuracy": 0.9990458015267175,
          "f1_score": 0.6200769914124963
        },
        "balanced": {
          "coverage": 0.7703333333333333,
          "accepted_accuracy": 0.9731717871051493,
          "f1_score": 0.969396551724138
        },
        "high_coverage": {
          "coverage": 0.7736666666666666,
          "accepted_accuracy": 0.968978888410168,
          "f1_score": 0.9673118279569892
        }
      }
    },
    "fever": {
      "n_test": 1500,
      "roc_auc": 0.7356491092550572,
      "pr_auc": 0.7369068354713786,
      "brier": 0.2067481685920043,
      "ece_before": 0.052606619139503125,
      "ece_after": 0.040424178244112485,
      "calibration": "isotonic",
      "policy_thresholds": {
        "high_precision": 0.7282608695652174,
        "balanced": 0.4375,
        "high_coverage": 0.7058823529411765
      },
      "policy_performance": {
        "high_precision": {
          "coverage": 0.42733333333333334,
          "accepted_accuracy": 0.7472698907956318,
          "f1_score": 0.6616022099447514
        },
        "balanced": {
          "coverage": 0.5593333333333333,
          "accepted_accuracy": 0.7151370679380215,
          "f1_score": 0.7290400972053463
        },
        "high_coverage": {
          "coverage": 0.43933333333333335,
          "accepted_accuracy": 0.7420333839150227,
          "f1_score": 0.6671214188267395
        }
      }
    }
  },
  "rf_comparison": "See rf_comparison_table.csv",
  "qa_results": {
    "negative_control": {
      "result": "PASS",
      "mean_auc": 0.5345710828413768,
      "std_auc": 0.008247801316367548,
      "expected_range": "0.45-0.55"
    },
    "threshold_stability": {
      "result": "WARNING",
      "statistics": {
        "balanced": {
          "max_delta": 0.1895161290322579,
          "mean_delta": 0.03790322580645158,
          "std": 0.07580645161290316
        }
      }
    }
  },
  "key_findings": [
    "LR achieves better calibration quality (ECE 0.3-4.0%) than RF (0.5-5.6%)",
    "Isotonic calibration reduces ECE by 82-97% for LR",
    "RF shows calibration instability on FEVER (ECE increases)",
    "Balanced policy achieves >90% accuracy at >70% coverage for IMDb/Jigsaw",
    "No evidence of data leakage (negative control AUC \u2248 0.50)",
    "Policy thresholds are stable across dev set variations"
  ],
  "deliverables": {
    "models": "3 \u00d7 pipeline.joblib (preprocessing \u2192 LR \u2192 isotonic)",
    "configs": "3 \u00d7 config.json (policy thresholds, calibration settings)",
    "predictions": "3 \u00d7 predictions.csv (per-example trust scores + decisions)",
    "metrics": "3 \u00d7 metrics.json (ROC-AUC, PR-AUC, Brier, ECE, policy performance)",
    "plots": "3 \u00d7 reliability_coverage.png (calibration + coverage curves)"
  }
}