{
  "dataset": "fever",
  "model_type": "lr",
  "n_test": 1500,
  "roc_auc": 0.7356491092550572,
  "pr_auc": 0.7369068354713786,
  "brier_score": 0.2067481685920043,
  "ece": 0.040424178244112485,
  "policy_thresholds": {
    "high_precision": 0.7282608695652174,
    "balanced": 0.4375,
    "high_coverage": 0.7058823529411765
  },
  "policy_metrics": {
    "high_precision": {
      "threshold": 0.7282608695652174,
      "coverage": 0.42733333333333334,
      "accepted_accuracy": 0.7472698907956318,
      "precision": 0.7472698907956318,
      "recall": 0.5935563816604709,
      "f1_score": 0.6616022099447514
    },
    "balanced": {
      "threshold": 0.4375,
      "coverage": 0.5593333333333333,
      "accepted_accuracy": 0.7151370679380215,
      "precision": 0.7151370679380215,
      "recall": 0.7434944237918215,
      "f1_score": 0.7290400972053463
    },
    "high_coverage": {
      "threshold": 0.7058823529411765,
      "coverage": 0.43933333333333335,
      "accepted_accuracy": 0.7420333839150227,
      "precision": 0.7420333839150227,
      "recall": 0.6059479553903345,
      "f1_score": 0.6671214188267395
    }
  },
  "ece_before_calibration": 0.052606619139503125,
  "ece_after_calibration": 5.3808809260165917e-17
}