{
  "n_test": 1816,
  "roc_auc": 0.9077520580685138,
  "pr_auc": 0.9940053630947957,
  "brier_score": 0.03456665426519041,
  "ece": 0.005845456978309391,
  "policy_metrics": {
    "high_precision": {
      "threshold": 1.0,
      "coverage": 0.335352422907489,
      "accepted_accuracy": 0.9983579638752053,
      "precision": 0.9983579638752053,
      "recall": 0.34982738780207134,
      "f1_score": 0.518108223263741
    },
    "balanced": {
      "threshold": 0.5,
      "coverage": 0.9939427312775331,
      "accepted_accuracy": 0.9578947368421052,
      "precision": 0.9578947368421052,
      "recall": 0.9948216340621404,
      "f1_score": 0.9760090318938752
    },
    "high_coverage": {
      "threshold": 0.0,
      "coverage": 1.0,
      "accepted_accuracy": 0.9570484581497798,
      "precision": 0.9570484581497798,
      "recall": 1.0,
      "f1_score": 0.9780528981429375
    }
  },
  "ece_before_calibration": 0.2136904792190757,
  "ece_after_calibration": 6.422777828409996e-17,
  "config_name": "llm_deberta_disagree",
  "dataset": "imdb",
  "n_features": 7,
  "features": [
    "llm_confidence_numeric",
    "deberta_p_max",
    "deberta_margin",
    "deberta_entropy",
    "llm_deberta_disagree",
    "confidence_clash_high_low",
    "confidence_clash_low_high"
  ]
}