{
  "n_test": 3000,
  "roc_auc": 0.975342327255834,
  "pr_auc": 0.9897618419649702,
  "brier_score": 0.03983170832913833,
  "ece": 0.0014523181334558284,
  "policy_metrics": {
    "high_precision": {
      "threshold": 1.0,
      "coverage": 0.38266666666666665,
      "accepted_accuracy": 1.0,
      "precision": 1.0,
      "recall": 0.49291541434091884,
      "f1_score": 0.6603393730227207
    },
    "balanced": {
      "threshold": 0.5294117647058824,
      "coverage": 0.7703333333333333,
      "accepted_accuracy": 0.9731717871051493,
      "precision": 0.9731717871051493,
      "recall": 0.965650493774152,
      "f1_score": 0.969396551724138
    },
    "high_coverage": {
      "threshold": 0.5294117647058824,
      "coverage": 0.7703333333333333,
      "accepted_accuracy": 0.9731717871051493,
      "precision": 0.9731717871051493,
      "recall": 0.965650493774152,
      "f1_score": 0.969396551724138
    }
  },
  "ece_before_calibration": 0.06365200537621397,
  "ece_after_calibration": 7.132257747362776e-17,
  "config_name": "llm_deberta_disagree",
  "dataset": "jigsaw",
  "n_features": 7,
  "features": [
    "llm_confidence_numeric",
    "deberta_p_max",
    "deberta_margin",
    "deberta_entropy",
    "llm_deberta_disagree",
    "confidence_clash_high_low",
    "confidence_clash_low_high"
  ]
}