{
  "dataset": "jigsaw",
  "num_samples": 20000,
  "num_valid": 20000,
  "accuracy": 0.77645,
  "precision": 0.21739130434782608,
  "recall": 0.6914893617021277,
  "f1_score": 0.33078880407124683,
  "cohen_kappa": 0.23816652463155363,
  "agreement_rate": 0.77645,
  "average_confidence": 0.8374800000000003,
  "classification_report": {
    "non-toxic": {
      "precision": 0.9669504592076155,
      "recall": 0.7838278447994783,
      "f1-score": 0.8658122992886942,
      "support": 18402.0
    },
    "toxic": {
      "precision": 0.21739130434782608,
      "recall": 0.6914893617021277,
      "f1-score": 0.33078880407124683,
      "support": 1598.0
    },
    "accuracy": 0.77645,
    "macro avg": {
      "precision": 0.5921708817777208,
      "recall": 0.737658603250803,
      "f1-score": 0.5983005516799705,
      "support": 20000.0
    },
    "weighted avg": {
      "precision": 0.9070606827343185,
      "recall": 0.77645,
      "f1-score": 0.82306392202082,
      "support": 20000.0
    }
  },
  "confusion_matrix": [
    [
      14424,
      3978
    ],
    [
      493,
      1105
    ]
  ],
  "config": {
    "model_name": "models/Qwen2.5-7B-Instruct",
    "model_size": "7B",
    "model_type": "Qwen2.5-7B-Instruct",
    "seed": 42,
    "batch_size": 32,
    "do_sample": true,
    "max_tokens": 24,
    "repetition_penalty": 1.05,
    "test_mode": false,
    "test_samples": "full",
    "datasets": [
      "jigsaw"
    ],
    "resume": false,
    "checkpoint_interval": 100,
    "annotation_storage": {
      "save_full_text": false,
      "text_preview_length": 100,
      "save_text_preview_for_hard_cases": true,
      "note": "Full text not saved by default (use row_id to retrieve from dataset). Hard cases include text_preview for manual review."
    },
    "temperature": 0.1,
    "top_p": 0.7,
    "top_k": 10
  }
}