{
  "imdb": {
    "dataset": "imdb",
    "n_classes": 2,
    "label_names": [
      "negative",
      "positive"
    ],
    "n_samples": 12319,
    "n_total": 12319,
    "classification_metrics": {
      "accuracy": 0.9573829044565305,
      "f1_score": 0.9567509679545267,
      "cohen_kappa": 0.9147506018723042,
      "average_confidence": 0.8729198798603784
    },
    "calibration_metrics": {
      "ece": 0.08446302459615214,
      "brier_score": 0.08893741375111615,
      "calibration_bins": {
        "bin_centers": [
          0.03333333333333333,
          0.1,
          0.16666666666666669,
          0.23333333333333334,
          0.3,
          0.3666666666666667,
          0.43333333333333335,
          0.5,
          0.5666666666666667,
          0.6333333333333333,
          0.7,
          0.7666666666666666,
          0.8333333333333334,
          0.9,
          0.9666666666666667
        ],
        "bin_accuracies": [
          0.0,
          0.0,
          0.0,
          0.0,
          0.0,
          0.0,
          0.0,
          0.0,
          0.7577696526508226,
          0.0,
          0.4444444444444444,
          0.0,
          0.0,
          0.9771754636233951,
          0.0
        ],
        "bin_confidences": [
          0.0,
          0.0,
          0.0,
          0.0,
          0.0,
          0.0,
          0.0,
          0.0,
          0.6,
          0.0,
          0.7,
          0.0,
          0.0,
          0.9000000000000001,
          0.0
        ],
        "bin_counts": [
          0,
          0,
          0,
          0,
          0,
          0,
          0,
          0,
          1094,
          0,
          9,
          0,
          0,
          11216,
          0
        ],
        "n_bins": 15
      },
      "description": "Multi-class calibration metrics"
    }
  },
  "jigsaw": {
    "dataset": "jigsaw",
    "n_classes": 2,
    "label_names": [
      "non-toxic",
      "toxic"
    ],
    "n_samples": 20000,
    "n_total": 20000,
    "classification_metrics": {
      "accuracy": 0.77645,
      "f1_score": 0.33078880407124683,
      "cohen_kappa": 0.23816652463155363,
      "average_confidence": 0.8374799999999999
    },
    "calibration_metrics": {
      "ece": 0.09643000000000014,
      "brier_score": 0.34468000000000004,
      "calibration_bins": {
        "bin_centers": [
          0.03333333333333333,
          0.1,
          0.16666666666666669,
          0.23333333333333334,
          0.3,
          0.3666666666666667,
          0.43333333333333335,
          0.5,
          0.5666666666666667,
          0.6333333333333333,
          0.7,
          0.7666666666666666,
          0.8333333333333334,
          0.9,
          0.9666666666666667
        ],
        "bin_accuracies": [
          0.0,
          0.0,
          0.0,
          0.0,
          0.0,
          0.0,
          0.0,
          0.0,
          0.4474393530997305,
          0.0,
          0.11,
          0.0,
          0.0,
          0.8317307692307693,
          0.0
        ],
        "bin_confidences": [
          0.0,
          0.0,
          0.0,
          0.0,
          0.0,
          0.0,
          0.0,
          0.0,
          0.5999999999999999,
          0.0,
          0.7,
          0.0,
          0.0,
          0.9000000000000002,
          0.0
        ],
        "bin_counts": [
          0,
          0,
          0,
          0,
          0,
          0,
          0,
          0,
          2968,
          0,
          600,
          0,
          0,
          16432,
          0
        ],
        "n_bins": 15
      },
      "description": "Multi-class calibration metrics"
    }
  },
  "fever": {
    "dataset": "fever",
    "n_classes": 3,
    "label_names": [
      "refutes",
      "NOT ENOUGH INFO",
      "supports"
    ],
    "n_samples": 9999,
    "n_total": 9999,
    "classification_metrics": {
      "accuracy": 0.5383538353835383,
      "f1_score": 0.5428706288782147,
      "cohen_kappa": 0.30753075307530753,
      "average_confidence": 0.6154815481548155
    },
    "calibration_metrics": {
      "ece": 0.18183818381838193,
      "brier_score": 0.6575617561756175,
      "calibration_bins": {
        "bin_centers": [
          0.03333333333333333,
          0.1,
          0.16666666666666669,
          0.23333333333333334,
          0.3,
          0.3666666666666667,
          0.43333333333333335,
          0.5,
          0.5666666666666667,
          0.6333333333333333,
          0.7,
          0.7666666666666666,
          0.8333333333333334,
          0.9,
          0.9666666666666667
        ],
        "bin_accuracies": [
          0.0,
          0.0,
          0.0,
          0.0,
          0.0,
          0.2502252252252252,
          0.0,
          0.0,
          0.5439469320066335,
          0.0,
          0.0,
          0.0,
          0.0,
          0.6293381759483454,
          0.0
        ],
        "bin_confidences": [
          0.0,
          0.0,
          0.0,
          0.0,
          0.0,
          0.35000000000000003,
          0.0,
          0.0,
          0.6,
          0.0,
          0.0,
          0.0,
          0.0,
          0.9000000000000001,
          0.0
        ],
        "bin_counts": [
          0,
          0,
          0,
          0,
          0,
          4440,
          0,
          0,
          603,
          0,
          0,
          0,
          0,
          4956,
          0
        ],
        "n_bins": 15
      },
      "description": "Multi-class calibration metrics"
    },
    "calibration_metrics_binarized": {
      "ece": 0.25474547454745483,
      "brier_score": 0.5689848984898489,
      "calibration_bins": {
        "bin_centers": [
          0.03333333333333333,
          0.1,
          0.16666666666666669,
          0.23333333333333334,
          0.3,
          0.3666666666666667,
          0.43333333333333335,
          0.5,
          0.5666666666666667,
          0.6333333333333333,
          0.7,
          0.7666666666666666,
          0.8333333333333334,
          0.9,
          0.9666666666666667
        ],
        "bin_accuracies": [
          0.0,
          0.0,
          0.0,
          0.0,
          0.563963963963964,
          0.0,
          0.0,
          0.0,
          0.5439469320066335,
          0.0,
          0.0,
          0.0,
          0.0,
          0.6293381759483454,
          0.0
        ],
        "bin_confidences": [
          0.0,
          0.0,
          0.0,
          0.0,
          0.3,
          0.0,
          0.0,
          0.0,
          0.6,
          0.0,
          0.0,
          0.0,
          0.0,
          0.9000000000000001,
          0.0
        ],
        "bin_counts": [
          0,
          0,
          0,
          0,
          4440,
          0,
          0,
          0,
          603,
          0,
          0,
          0,
          0,
          4956,
          0
        ],
        "n_bins": 15
      },
      "description": "Binarized to correct (1) vs incorrect (0) predictions"
    }
  }
}